,url
0,https://autoplius.lt/skelbimai/mitsubishi-pajero-3-2-l-visureigis-2013-dyzelinas-22693530.html
1,https://autoplius.lt/skelbimai/audi-a4-2-0-l-universalas-2017-dyzelinas-21271093.html
2,https://autoplius.lt/skelbimai/bmw-x7-3-0-l-visureigis-2020-benzinas-22850580.html
3,https://autoplius.lt/skelbimai/opel-crossland-x-1-6-l-visureigis-2018-dyzelinas-22766506.html
4,https://autoplius.lt/skelbimai/skoda-octavia-1-6-l-universalas-2018-dyzelinas-20210804.html
5,https://autoplius.lt/skelbimai/bmw-520-2-0-l-universalas-2012-dyzelinas-22819648.html
6,https://autoplius.lt/skelbimai/volkswagen-passat-2-0-l-universalas-2017-dyzelinas-22446362.html
7,https://autoplius.lt/skelbimai/volkswagen-passat-1-9-l-universalas-2004-dyzelinas-22714876.html
8,https://autoplius.lt/skelbimai/seat-cordoba-1-4-l-sedanas-2004-benzinas-22850542.html
9,https://autoplius.lt/skelbimai/kia-cee-d-1-6-l-universalas-2008-benzinas-22848308.html
10,https://autoplius.lt/skelbimai/volkswagen-golf-1-4-l-universalas-2010-benzinas-22849284.html
11,https://autoplius.lt/skelbimai/volkswagen-golf-2-0-l-universalas-2011-dyzelinas-22806626.html
12,https://autoplius.lt/skelbimai/bmw-520-2-0-l-universalas-2012-dyzelinas-22014334.html
13,https://autoplius.lt/skelbimai/volkswagen-up-19-kwh-hecbekas-2014-elektra-22775844.html
14,https://autoplius.lt/skelbimai/bmw-520-2-0-l-universalas-2010-dyzelinas-22773100.html
15,https://autoplius.lt/skelbimai/bmw-530-3-0-l-universalas-2011-dyzelinas-22850468.html
16,https://autoplius.lt/skelbimai/bmw-x1-2-0-l-visureigis-2013-dyzelinas-22819766.html
17,https://autoplius.lt/skelbimai/mercedes-benz-sprinter-2-1-l-krovininis-mikroautobusas-2015-dyzelinas-22410216.html
18,https://autoplius.lt/skelbimai/bmw-535-3-0-l-universalas-2012-dyzelinas-22513742.html
19,https://autoplius.lt/skelbimai/bmw-530-3-0-l-sedanas-2011-dyzelinas-22848808.html
